Owner,Author,Disclaimer,Description,Version,Name,UIName,URL,entityName,oAuthSettingId,transformSettingIDs,seedIDs,outputEntities
Free OSINT,osint-super-transform,,Resolve a DNS name through Google Public DNS. Does not query the target resolver.,1.0,dnstoip,To IP addresses [Free OSINT],https://localhost:8080/run/dnstoip,maltego.DNSName,,,free-osint,maltego.IPv4Address;maltego.DNSName;maltego.Phrase
Free OSINT,osint-super-transform,,Run every keyless passive feed and return a mixed entity graph.,1.0,domaintoall,To all free OSINT [Free OSINT],https://localhost:8080/run/domaintoall,maltego.Domain,,region,free-osint,maltego.DNSName;maltego.EmailAddress;maltego.IPv4Address;maltego.NSRecord;maltego.MXRecord;maltego.URL;maltego.Phrase;maltego.Domain
Free OSINT,osint-super-transform,,Match the domain against the public Have I Been Pwned breach catalog. Not an email search.,1.0,domaintobreaches,To known breaches [Free OSINT],https://localhost:8080/run/domaintobreaches,maltego.Domain,,,free-osint,maltego.Phrase
Free OSINT,osint-super-transform,,Published addresses and numbers from the site, security.txt, certificates and Wayback.,1.0,domaintocontacts,To emails and phones [Free OSINT],https://localhost:8080/run/domaintocontacts,maltego.Domain,,,free-osint,maltego.EmailAddress;maltego.PhoneNumber;maltego.URL
Free OSINT,osint-super-transform,,URLs from the latest Common Crawl index.,1.0,domaintocrawl,To Common Crawl URLs [Free OSINT],https://localhost:8080/run/domaintocrawl,maltego.Domain,,,free-osint,maltego.URL
Free OSINT,osint-super-transform,,A, AAAA, MX, NS, TXT, SPF includes and DMARC via Google DNS.,1.0,domaintodns,To DNS records [Free OSINT],https://localhost:8080/run/domaintodns,maltego.Domain,,,free-osint,maltego.IPv4Address;maltego.DNSName;maltego.NSRecord;maltego.MXRecord;maltego.Phrase
Free OSINT,osint-super-transform,,Google dork phrases for documents and published contact pages.,1.0,domaintodorks,To search dorks [Free OSINT],https://localhost:8080/run/domaintodorks,maltego.Domain,,,free-osint,maltego.Phrase
Free OSINT,osint-super-transform,,Wikidata entity search from the registrable label.,1.0,domaintoorg,To organization [Free OSINT],https://localhost:8080/run/domaintoorg,maltego.Domain,,,free-osint,maltego.Organization;maltego.URL
Free OSINT,osint-super-transform,,Registrar, dates, status and nameservers from rdap.org.,1.0,domaintordap,To RDAP registration [Free OSINT],https://localhost:8080/run/domaintordap,maltego.Domain,,,free-osint,maltego.Domain;maltego.NSRecord;maltego.Organization
Free OSINT,osint-super-transform,,Certificate Transparency, Cert Spotter, subdomain.center and RapidDNS.,1.0,domaintosubdomains,To subdomains [Free OSINT],https://localhost:8080/run/domaintosubdomains,maltego.Domain,,,free-osint,maltego.DNSName;maltego.EmailAddress
Free OSINT,osint-super-transform,,Wayback CDX captures and urlscan.io observations.,1.0,domaintourls,To URLs and urlscan [Free OSINT],https://localhost:8080/run/domaintourls,maltego.Domain,,,free-osint,maltego.URL;maltego.DNSName;maltego.IPv4Address;maltego.AS
Free OSINT,osint-super-transform,,Gravatar, mail domain, local-part alias and a public GitHub profile if the local part matches.,1.0,emailtoidentity,To identity pivots [Free OSINT],https://localhost:8080/run/emailtoidentity,maltego.EmailAddress,,,free-osint,maltego.Domain;maltego.Alias;maltego.Person;maltego.URL;maltego.Phrase
Free OSINT,osint-super-transform,,ip-api, RIPEstat, ipwho.is, iptoasn, Shodan InternetDB, URLhaus and reverse DNS.,1.0,iptoinfra,To infrastructure [Free OSINT],https://localhost:8080/run/iptoinfra,maltego.IPv4Address,,,free-osint,maltego.Location;maltego.Organization;maltego.AS;maltego.Netblock;maltego.DNSName;maltego.Port;maltego.Phrase;maltego.URL
Free OSINT,osint-super-transform,,E.164, region, carrier and line type from libphonenumber. No subscriber lookup.,1.0,phonetodetails,To phone details [Free OSINT],https://localhost:8080/run/phonetodetails,maltego.PhoneNumber,,,free-osint,maltego.PhoneNumber;maltego.Location
Free OSINT,osint-super-transform,,Host from the URL, plus a Wayback capture link.,1.0,urltoarchive,To domain and archive [Free OSINT],https://localhost:8080/run/urltoarchive,maltego.URL,,,free-osint,maltego.Domain;maltego.URL;maltego.Phrase
